<?xml version="1.0" encoding="UTF-8"?>
<project-private xmlns="http://www.netbeans.org/ns/project-private/1">
    <open-files xmlns="http://www.netbeans.org/ns/projectui-open-files/2">
        <group>
            <file>file:/C:/Users/Edgar/Desktop/ProductorConsumidor/src/productorconsumidor/Consumer.java</file>
            <file>file:/C:/Users/Edgar/Desktop/ProductorConsumidor/src/productorconsumidor/Producer.java</file>
            <file>file:/C:/Users/Edgar/Desktop/ProductorConsumidor/src/productorconsumidor/Buffer.java</file>
            <file>file:/C:/Users/Edgar/Desktop/ProductorConsumidor/src/productorconsumidor/ProductorConsumidor.java</file>
        </group>
    </open-files>
</project-private>
